<code_scheme name="danyow" version="173">
  <option name="AUTODETECT_INDENTS" value="false" />
  <Lua>
    <option name="ALIGN_TABLE_FIELD_ASSIGN" value="true" />
  </Lua>
  <Properties>
    <option name="SPACES_AROUND_KEY_VALUE_DELIMITER" value="true" />
    <option name="KEEP_BLANK_LINES" value="true" />
  </Properties>
  <clang-format>
    <option name="ENABLED" value="false" />
  </clang-format>
  <editorconfig>
    <option name="ENABLED" value="false" />
  </editorconfig>
  <codeStyleSettings language="EditorConfig">
    <option name="ALIGN_GROUP_FIELD_DECLARATIONS" value="true" />
  </codeStyleSettings>
  <codeStyleSettings language="Lua">
    <option name="ALIGN_CONSECUTIVE_VARIABLE_DECLARATIONS" value="true" />
  </codeStyleSettings>
  <codeStyleSettings language="Properties">
    <option name="ALIGN_GROUP_FIELD_DECLARATIONS" value="true" />
  </codeStyleSettings>
</code_scheme>